insert into USERDATA (id_userdata, username, password, role) 
values (
    2,
    '1YF4ULN20IF5OTASWH6XA7U9M1K6OW 3 L24MP15M2F5ICFFOMB2B6UBV0U768XVYBR811Q5RD7OLYVRUO6EY5VSNVU1018NCK40FO1GMT7MVFC 7TBOPIJOIAEL6TJJ', 
    'EN9RNMT3VBJT47WX7DY8NN9Y6W0D7Q5DL2CBK028U3YMHI8GQHXFM4C3X6KKS67L', 
    'VFCCKDN39JAU4ES0'
    );

insert into USERDATA (id_userdata, username, password, role) 
values (
    1,
    'OXQDBSU5AY8QA4L2R7PO6L6DS1TTIDN9BVD8MO2H1IL7NJM NQR BWQN8HGEJY7UAR6G23NBIMOS6TGT9IGFHXN7DL9XQTO11IXVKR63ERR0OLSM8HHXPHCHF6FP15UG', 
    '04ISQPPS7BFU3MFW D2L1YFNKAAXV2Y729FUQFJ2N6GI J1DIPG00KP8PI5T63G8', 
    ' BWKQ96RAHQN6EAE'
    );

insert into USERDATA (id_userdata, username, password, role) 
values (
    3, 
    'RTM9VYNTMRIJBRC98P4J41IB1VG3JQBTKMPXGWCMYMU8W0URNJ2XXQP49F29XCXBY7O8UCPIFR5TQBODR94  RMUL8M9IKOEHSYYYU5IRK83AX6G9YFC8TVF2D55BVST', 
    'SN8LN W4AUDVN4OU XIH9EKD2GF0AIHHF2N KOUMQRDK6K807A  K17MS1QL4B85', 
    'FL6YQFFCIG UJLGL'
    );

insert into USERDATA (id_userdata, username, password, role) 
values (
    0, 
    '89N8Q5N WMDCU30Q8NPVW49Q2OTPTMQX03UVWG1MFM 5NFEP7TOE8W1A1VHMDXJNF73H0AY6XYS8VAQEUHM6FWU5HLHD5RC55QPQQF6KNT2878E8EMSW8R 6HPQWM9WW', 
    'IADP 22WV0ATI7K2L48CD HDXNWRMD03DYT VSVC78M69D35O 5913QBBBDEI6HY', 
    '3T84MHB3330F1E8L'
    );

insert into PERSONS (id_person, Surname, Name, Patronymic, DateOfBirth) 
values (
    0, 
    'PAS8G6FH37LN5WLK CAIF MF5NC5414I 1D00AY5RC1RQH1ALPVPHILW06BJG36S6WETXNDQ66HFS5H43DW8MV0SK8I67GP EXJQEC6IG4WB3VM1BMSDN8GBIYVM0BS2', 
    '9N7EKB QT9SCJPW PXKT2PRTXHBQANG7GQS0NNLWUE873LWMISD1Q7SGTNG6GWYLFM5XSKBBYQ1RH1SPECAKHA4BO2K8KUBXPHPX3KXAHGDIWRGO 872FTX5QOR09L9B', 
    'QJ8LRN5DYRNPNFXYK0HQSYFET5GOVI9XO  LBVXH9G1M0V42O2C59KLCXTLAADJBD9BC1EYINEA8EVDIQ5FQRHYB8MNHPOWN67LT11SHS5EYNVT9TEA1PINSKXMGG1JQ', 
    '1-1-1'
    );

insert into PERSONS (id_person, Surname, Name, Patronymic, DateOfBirth) 
values (
    4, 
    '5H52CJQ40N7WY97JE FN005JLF6QFW9OE0X425IF452UV6S5RUNGWSDV52OUSCX9RMLRXQVM6YLUSCVLDA0T6GVDN2DWPKJPWVUR2 HQP LREF1GWQD PHWM1X4TV2V7', 
    'XNKP49T3P37OLM3KL 5FOAC41UHUNQMMM5O2MPJHCSN2S5WB5XD7QX8UQ8NJ4V4 UQ0Y2BTE4B5D43IEPLDOLSRS4YR9E4K25YONCLWJEPRPWJ6NXX4K5ESR8987BAIA', 
    '3PF7LBPVVUN88XR9LWEHFND2G9FTP8YB6WT6QNIP9FXNV9MJFPGVOYFFSOMRYKLLSYDVJ7O7N38R47TDUGYCRBFJC6A0P4B28MTY2Y1L 73EKXNA04DRVTUSYMHEVCC5', 
    '1269-7-13'
    );

insert into PERSONS (id_person, Surname, Name, Patronymic, DateOfBirth) 
values (
    5, 
    'OS65JD0TWL7QUIQIAPGTPWBD9TTEXQGA7WALQF03RQ DPYJS4DQ1S6QMCYVPP7082XNXQADL8OUQ8BS8Q7XX3PG PUB5PT NPCS8 3DK9LHLNR2531QWWX8D3S4MUOFN', 
    'SUTQC72YM22TLF8EB4YF2YK6F02WBPSVHXA X4 Y8TA6YDEQ1JHRS8NCS3IMAES68D81VNNXNBQ7RSHH2Y7 3ARM68CIGL34J5H5U6DP5DPXS6WBEPSJWJ 28BEW8L L', 
    ' 754YRAT9KE0LV15OD3Y4C VRRB6F0AD8 T RKMGQGK40FTLI0 2 8G9DSV1QNH4JEP9HUGG5PR5V XEKXBY7PEILQX3DRGJKMKG3O9JC463D O7 XWGXQCKVAVMWH1Y', 
    '1626-4-15'
    );

insert into PERSONS (id_person, Surname, Name, Patronymic, DateOfBirth) 
values (
    1, 
    '8EGV2 Y7J HQ 9TGDE02AY8QWMQ5DSBYBHW24YVV2F2VIQ4DRMO6H0SGO77Q4KLOG4XEBOV30KD2AEM0CRENJH3G0Y6GU5BVU51TI7RPXIQ1RXORA9IUPF9OFODT68CG', 
    'UK6W1TW43CX6VWALCUUU28F3W18WJERDQ658FG1IAN8KXJPWHRW6GCAYDMLOHFBTSMT6R6BC772DJSMV4LWN6SML8DNTYQ4LG8K R6AKXGAR8KLYEUNBPQBKT3EIO9C ', 
    '49R8U65PQCRJYUSTY1M50PGMX6CREM5GBAFNBDI46Q9ROYGPM0JRP0X5ULOUTI3M0OXYPSL7SFWUX2QW0I34NNUAJ2AVQDBMXXOQPKT 9PD985Q3E64S14 PRVCDABCW', 
    '566-2-7'
    );

insert into PERSONS (id_person, Surname, Name, Patronymic, DateOfBirth) 
values (
    6, 
    'JX5KWRW5FJLI09NDJS OMSF2J7Y7PF7JQDE1 CR Q3RWF9W4OCLFTE4 9REIWQ2YK 1R5BEP6WWIC8TBPG08MXCXVL4FAPKU5FN6N6I48PD5CDBYSRHLA015PO5RBC7O', 
    'GRA8CSJSIGUE2WH5XHWO8EDNW6RUNGCTJE5P 3COU8LP4QL3IV4CBTP0VY2KLWW6GY9V9RBHSEBS95IBK3PR5EJX14K7OE1VFLETS3XGMXAS7SGRWH0LMSYT945EBMH6', 
    '0BHFKVEXGVVDWL3IOAH3H3GC24 KGDU3 5L1DUULY3EF4VBMRTD5TKFCT89FJXO7ERERN235Y0QSTIS1ICP930K9T284VCKSR95KJ3CUCMTRRMLE5Y0BXJ5J8 T74DXC', 
    '789-1-31'
    );

insert into PERSONS (id_person, Surname, Name, Patronymic, DateOfBirth) 
values (
    2,
    '93NMT2N7FOO51DUCY3NBPJ9UBXQVTI21UT8T4SGCNTCF  0I2K42KU9QVNFJHX IG1FD0L3MQT5FCWOMHYS192S6 3EY09HAH 79I1PJWRS8FINKDD G3PE7H8HE3XVE', 
    '8Q0USLF43P1V5FQ 7T1CF6SE4LG5NT 6U2OEU9JYHN2F1W CQ5G40LW4 65HUPVNP6D6TH8BXYMUCHKQL16NT HI7J1 ROOA 6PABNPP 1C302L7 NHG2LKJC80VOQU0', 
    'NQYI75Q35TB6TW8LJ 7CVHL22E9844QBDHBAXDJ5C3HA79PS7NT1365V4YOI6R97IW6PFGBPIVUIRQB8ASFPB4CNI2688Y904R73J0JV3735 RVUJ3G90P8AOFR0UQL5', 
    '1500-1-29');

insert into PERSONS (id_person, Surname, Name, Patronymic, DateOfBirth) 
values (
    7, 
    'UI0I9S1PD52GRJ8RR7FFJKMI89P WMWSU3JC3X LVA BX896WU8Q8T8LM KXA778LIV4WCDQJP6OHM0OTQJPQFYTVPFV7M3S6VC 90 58O8OWPUXD2VT3 D30SRJFMEY', 
    'BEC1VNGEKM9H9PD8AMMIE8MXCV62OV3EUM SWNFPA1RXJFBRMK7I1NDXAAF2BFPG6N1RQGJYKG1AGX1DAUW ILWP7WDRY9D0A39HHLFXLATE4GW6951 GHX12E3KOR4V', 
    'BXW7WWUMVDBCPDV2THX B2UDBJ06Q076RCY 970YUAFV2UAJD O LBARC17ISOR470KYNGPQMQYIP NCKA 87C0S5GKEWQOJ1XWGS 9H27A8LE4XFFKCRUKMYC1EOK04', 
    '1063-12-22'
    );

insert into PERSONS (id_person, Surname, Name, Patronymic, DateOfBirth) 
values (
    3, 
    'XEAW1L90WJV9I6U14FBEE1FMFCBO72F4CDEPQQS9WD5JUH9SDC2J7I8K QYXGWYR2VT1YUS31B7ENHSU1BWQ 9YUHAAJD0CDI1L7SEYVNDIUVUE28WOGJTY5G6G7TY13', 
    '57SH424WH4XPNW4D7NSSJTGI423M6 G3Y009NT3KS5XLQTG46VBHQY6 VCTB386F46VK97QHY6J09JUDM47O3GVDCHIP96E5L  249JFSLPYVR7LP22AB0JSP5QYK12L', 
    'L5UOVAFHCPEJW57GFFL9SHDE7RW9O57BNP48218Y79QTBBPRP1O8UNJID77Y1N09ADJX8SUJLU5YN2K9 XU2WUUQVUBJ7EDXIFR LR9TPMLWJ9V62HQYGQGJKX5TXWTN', 
    '332-12-24'
    );

insert into PERSONS (id_person, Surname, Name, Patronymic, DateOfBirth) 
values (
    9, 
    '1NYXEEVB9O096488EHJXPOEFXVYT8TASJ8J59J IL03VLRG 1 4ODH5BORJXY KV6GFG0HHUV7PIILQ5SIOUBUPE1R5N789RD80LDFDDDDW LMC38JO718LRM83MH8UF', 
    '8XBX SOY4O73TDVU6RVTLVQ4M9R5O51HECUN5G9NFBM8C6MBA8WFQJ5213R06PV Q6H7HNCOMSJ8YS6P6HFPAJBNWMDFUHK3 IDM37R31OGGFAO7ETJ OXIYPEXNWKFN', 
    ' CAWVPGQRBN5DL2QTQKRY59GVIQQLY0X350U2CS4MX2DQKF6CPND7F38XCCT5ROVTS6EI14EMWR7W5Y7EHIWXKOUVY0SFEMBCIF5HN4T 6MCPKPF5NO2 5QSFTHBHW9J', 
    '158-8-11'
    );

insert into PERSONS (id_person, Surname, Name, Patronymic, DateOfBirth) 
values (
    8, 
    'FV9E4KOSOFN2QR2JL43YC5N10KVDL7UYRV8DJIXUUTRKJ L79TIFNVTL3HUC3WCU  VKQ5HOE1J0V6G2JQCHHDSMYBYORA93N6VG18SMVAWOXE4IM0F9GB6LBFVXQ3UW',
    'B9E5Q IVC 09KUFA9BLC7ACA4SYAB1B8XOVBAAVKFT8XJ7HGV77XJWAB2DUIE 1IXNCNBHDUVMHAN 904L9KWAMR3OA6VSCUQ47OM9XPB21EC1324VAUJ824FI8WNOWO', 
    'BW15941T 7ONN8O36Q4I2XRT 8U9BI5VX057JHFF9S58LJH1XWLMBWN0F9S6397QFW8SA8RXKQ8DUK79QSCDVGT53LO9QKM1FG9J21938OX2HHXCMSPPPHTXH9L9 6KV', 
    '430-4-1'
    );

insert into POLISES (id_polis, id_person, SerialNumber, DateGot, DateTaken) 
values (
    8, 
    2, 
    'XO8B00FT9S8HYEQXXSYBD505ICJU6SX63KHYXOTP8WT5UPLRK87ORA71MP2B8807M1A3XUSGMM31AGCYCPP5UO  40WRCH HG JYUT9RY59SYG5PP8FHWY4098AMLOT0', 
    '1-1-1', 
    '1472-6-3'
    );

insert into POLISES (id_polis, id_person, SerialNumber, DateGot, DateTaken) 
values (
    3, 
    6, 
    'S8I8I6 4OMORJTT7J10ACNQFCLR0 A1YP5LKL 8L95TWFWRH9K1BE8QTLK4ANIDGJDRFY0X9I N3JOVDGMR4ACR89POXE3 SJQICV2U5B48A8C204F43LWOGL2DMA5 V', 
    '534-12-24', 
    '1-1-1'
    );

insert into POLISES (id_polis, id_person, SerialNumber, DateGot, DateTaken) 
values (
    7, 
    9, 
    'OED2003KE8RPOIPH4JO12XKHIWH9KSNWIXKR4YVRAPMPNOR54424PMMALE N2UOA9BOV1KI1CSLXM3L4DRWCKFU2U83U72D7ULXYJ7BJTBKQE I8O8WCBPK9NS68FWAU', 
    '730-5-15', 
    '895-5-5'
    );

insert into POLISES (id_polis, id_person, SerialNumber, DateGot, DateTaken) 
values (
    9, 
    7, 
    '4XKKNIWC8FK AXY68GPN J3W07JAA584Y996BKCI4172QQBIDH4QQRND7H3M7N4Q9UWQ623VP3GOJ20DWERPU6J8P2KX2BRQK7J4HRDTQNOBWWOWRRF1LD5YYWY9OX0H', 
    '1001-7-10', 
    '1623-12-2'
    );

insert into POLISES (id_polis, id_person, SerialNumber, DateGot, DateTaken) 
values (
    1, 
    0, 
    'TRKXMJ14VSAKBUNAXRUTSSMI84PKI83MPMA 61QQ0H0ME56YVK6BSJOJIMAIQY 6LNLD0MLUL66OMA KG2CM1P3GKXJHPD81FXVB7 W08 OAO2Y1XSWEHOSJC 3XKY8R', 
    '1370-12-17', 
    '295-9-13'
    );

insert into POLISES (id_polis, id_person, SerialNumber, DateGot, DateTaken) 
values (
    0, 
    0, 
    '0M WAB5VS3DYF CUCC1 HJ9R19A6DFESVE8ITOC0M3BMK2C94V 9UPJHVEYN6T LHBI34HIPV49N7NVIC085IM67G3EF9DEXPILM1UB0BS30 MTS82SMKK055D9O7G2P', 
    '1658-2-15', 
    '1047-4-11'
    );

insert into POLISES (id_polis, id_person, SerialNumber, DateGot, DateTaken) 
values (
    6, 
    4, 
    'DC0R662QDJAEK43EMB95MNLOTHFBT9AVBQPBS574CSKGF885ECSS6MUEYTBP161JHSSLWGC87CASL9 A06X5HIYXVTTJK1GJJUQO 40JB1E1DJAJNX9CQ1BDVW5YTQ6O', 
    '1123-1-24', 
    '683-7-11'
    );

insert into POLISES (id_polis, id_person, SerialNumber, DateGot, DateTaken) 
values (
    5, 
    7, 
    'G0EVGRMMCHKKYQDBWSW 0XYV3CKJEP57F64QQC5G3AYK1F43HO8SDLCP72H KVM7DG7V1ADM4X92GL8K2EFW2RT2G 5DEL1RG87QAI3391NE1AM57PB2JW7R3K14R9IP', 
    '1842-1-3', 
    '491-7-27'
    );

insert into POLISES (id_polis, id_person, SerialNumber, DateGot, DateTaken) 
values (
    4, 
    5, 
    'ILIO632L1X2O0KO9871EB87OVG1M6GA63JR5K9VXOVA85CMXG HMBEDJ9JX6TQ45GYPG2PDX0B553SVUSL20AUBFQ9VTQ705H1U638MYA78FL97VYNFO7MQUG12S7HOP', 
    '276-6-24', 
    '1219-7-16'
    );

insert into POLISES (id_polis, id_person, SerialNumber, DateGot, DateTaken) 
values (
    2, 
    1, 
    'X7EG0UCWEN097AI0X 0I7MF89AMDGPUW 9DMW0XLGXY59QCPFWNTCV39T3X1YAS3MTP9E9VUHNU GJV01HBY44UPW29M4S0M8F 8RNWIIBSX3H50SOGAUUP2B7G9OY H', 
    '1472-2-12', 
    '1819-1-10'
    );

insert into EVENTS (id_event, id_polis, EventType, DateOfEvent) 
values (
    20, 
    0, 
    '5 T0GFT3VSPUC2V3BYYA2KOO5T2EAV25GQ1A5JHGHYKPH8S W4DKKL0PK6R6QC QR6HNNBI4ISDKA TVLL N16OIR0EEH0D9KIIYT7M9TO13WGPHLT07EUJ27O2 111N', 
    '1235-10-23'
    );
    
insert into EVENTS (id_event, id_polis, EventType, DateOfEvent) 
values (
    0, 
    1, 
    'QE2JOXA4 QG2F4O8WRAV3J31IK6B5EXJ563PCXYHGGD98JTKOAT96OI01TLYEWAC UHKP7VA240GJFWE1N04S4YCB0JIHD66HBD2SUDNS0JKEVE2CYQQ55LMBXUY2VJH', 
    '153-6-16'
    );

insert into EVENTS (id_event, id_polis, EventType, DateOfEvent) 
values (
    6, 
    1, 
    'I D B57 MEBO7467T9HPKPULULVJHVU2BJW51E68WW9JBMF2JME32N1G6NXTG18V1BSEBYSUF49SFW2OH9  UIU961SQCX45JIK3JN50BD0K1BPRGFS44QF9 56FI7GA', 
    '69-8-3'
    );

insert into EVENTS (id_event, id_polis, EventType, DateOfEvent) 
values (
    1, 
    5, 
    'T NY71EUKYUMEC418LRLTWOX FN33JM7XFU6AW4897A851CPHSTNU5FML9YUU5S6SOFUEJTWLAKOYERS4EGHT6K2W5C3T1WJ5NA6HWSNBM FK3AQLOEQMTAR 3CEYBLA', 
    '598-7-4'
    );

insert into EVENTS (id_event, id_polis, EventType, DateOfEvent) 
values (
    26, 
    8, 
    'N4D6GV0TUEWMLATMBOVJ3 D91BKXO93IW2QE1DQXBO3I VI42Q3KYPEHNRYDFK1BVVR5  8IKBK6JNFSCAEM0PLJ2 8CM025X32CPA794KI4AUX1SW828 FCY68Y3GS5', 
    '195-7-5'
    );

insert into EVENTS (id_event, id_polis, EventType, DateOfEvent) 
values (
    23, 
    0, 
    '45R3BYA7R991C E8CMHUB283SRPENF5SHV37KMQ D33828PG6VB9QLL7BSO3GOECY4A15B5T F3146KQ JQP17BHFJC3Q VOOUUPX93R XGOHSN16D35RPBCTFYN1F82', 
    '1994-5-13'
    );

insert into EVENTS (id_event, id_polis, EventType, DateOfEvent) 
values (
    27, 
    1, 
    'FX65EH2OUKHUFMK3R6Y46UX14KSAR3 CP0SWHKOHTNP8W337E6O73OOQ G8GE5WCE9WI0T4OQXGULC988C0JFIGUCWKFOBYGXGYXCIHRMI8RA2IDCQN8GE9TXNRUFXHH', 
    '523-3-8'
    );

insert into EVENTS (id_event, id_polis, EventType, DateOfEvent) 
values (
    31, 
    4, 
    'SFV04BCCFSNRPV0M WAKX3XNHSRN1WS7AQOIS J90DWVMTG 1L JR604X6HU0L41HKAXH8WVET8JIII72OWNEX08YTK80H538GSRXB56G5KGP98PGBPAJY01HQS0R4DV', 
    '1301-8-9'
    );

insert into EVENTS (id_event, id_polis, EventType, DateOfEvent) 
values (
    16, 
    6, 
    'JNBGOQ9HCFW870QDMMGM436WB2F H7TBHP2R6FLCJ5UCR965FBA1B0WVA5HWI7MAXLVBLGGEBMQO0S FWUXQNN1WGVF1HBFPNVD2LRRLC4W9R7KF1SVBH2E6L FWMTA3', 
    '1369-10-25'
    );

insert into EVENTS (id_event, id_polis, EventType, DateOfEvent) 
values (
    22, 
    8, 
    '72YAS8LIB HYD XMOR9UW76XGER0SJRA7MMX2NGTCXKO55M5MC8015QBISQHMB4KBK0FYXBS4C7PEUS PM91 M428WE4HR WKA2K JGY5HLHGPUCHPOSQ LVHUW652QL', 
    '1-1-1'
    );

insert into EVENTS (id_event, id_polis, EventType, DateOfEvent) 
values (
    28, 
    9, 
    'LQN6U53UN7AP6C6QIGUE2JN4JMBYHD6UXFKG ENW2CBRUTRP UA46BCV0VKP7CMR95VHRBJO1KKDMTOL8FB4PNQEILCFOQ4T8QQGN2BQPDLVLJ7PNH9WJDOCKYF0D3WI', 
    '751-5-28'
    );

insert into EVENTS (id_event, id_polis, EventType, DateOfEvent) 
values (
    13, 
    4, 
    'ST3FY9K1U3AOFTYNQBJFKVRLA1 BRNNU5X7L63HWXF09NEXNW2JECI6D2T2W6MA2UP0XDFT1JLPNE80K0FG0U2SNI8SX5NO8WOJL0VKJ7CNH2QBJ5PF92G8 G5D ARTL', 
    '1139-4-23'
    );

insert into EVENTS (id_event, id_polis, EventType, DateOfEvent) 
values (
    33, 
    6, 
    'BCCJO4HGI0KDUFETH9NOOA J2PHPR3EA3O87MMWJUMT8404RGA0H3PG045EH29S0RABFDERA78Q2AKKP9METJ754YYPVH278I77O7KIK7C69Y82M6IXOA48VIF1SK6CQ', 
    '1401-3-18'
    );

insert into EVENTS (id_event, id_polis, EventType, DateOfEvent) 
values (
    18, 
    5, 
    'S36SCJHQILRL9LFY6AK6IX68QCT3PFNMS7FNHVYE08LGUUXCC8WMW0I037BSUXB29N HH3XB7X6VYVMWNYG6L6JVVN0KLFSAQD6Y3FYC9C5LDRSYV30X FXOY3 O53P6', 
    '1521-8-3'
    );

insert into EVENTS (id_event, id_polis, EventType, DateOfEvent) 
values (
    14, 
    6, 
    'WLCX503NI8L8BH4QSFHPI 868FH3TNOHP53ELRLYYY2QBU1KHXYONE6HYDIYB4B0K58NJQOAYBT7M66LCLD26W6X1302S6KOB1SI516Q6JILUUHFUEJ4PA2YOOF Y8BY', 
    '1087-10-12'
    );

insert into EVENTS (id_event, id_polis, EventType, DateOfEvent) 
values (
    7, 
    3, 
    'WOLHGJTFDJ1XF 7VCP4HLXOLVTW0HP6GQTAP1DK3 SFP6C4O13GS1NHTRU4JMWP1J5A72KTYRSRF9JSALCCPWBKD5JU0S3 3CDQC05QNJALGYWG4X50Y64DTO618NM65', 
    '948-3-24'
    );

insert into EVENTS (id_event, id_polis, EventType, DateOfEvent) 
values (
    9, 
    4, 
    'HXREN1YORS90M9YH4N6QGJ8I5MHT6KYXV1P9EPWLF07F2RN7J0GQ7HB37EF3PK8 MYHBC58GR6NC16SUTN0N9MOF4A720IK6G06DHKVWSQL9V23RBQXJ9ILOP1NRSDFI', 
    '1587-10-2'
    );

insert into EVENTS (id_event, id_polis, EventType, DateOfEvent) 
values (
    15, 
    6, 
    'CM7FAEWS29V8DK4MN6DP5J01UYCS4E1IPHK7IWEYJVKB 1PUUWC93RB8CLI 92A9N4VQ08TJ95A6MNOKMIQEXQ  UK5841KG1FOE4UROH11B5HWIRVWY21X6GQX4KEJO', 
    '1012-10-9'
    );

insert into EVENTS (id_event, id_polis, EventType, DateOfEvent) 
values (
    37, 
    4, 
    'K 9VYPIH16N0Q79YHD9YXO92 8W7WPB5AR5AREUTCD0D4 YTODTTS3NI16QFRJO4O8WDN PINJVXT8U 5NANMJ M14L95CLPJHX6TJV0DLCD4P8C849HVWPCLOU0P4 A', 
    '1183-9-7'
    );

insert into EVENTS (id_event, id_polis, EventType, DateOfEvent) 
values (
    2, 
    9, 
    'V5YJO70215K6DBQIGEB2RYRXLI K8LXMQRDO1NWPVS00YEUMI4O9EBOR4NV3IKQ67K30IDVK47X1WKRCGH9NYHN5NVMDQB9Y10E7P BMQUH43D BJTBAJCIUUOWDJ188', 
    '406-3-10'
    );

insert into EVENTS (id_event, id_polis, EventType, DateOfEvent) 
values (
    30, 
    9, 
    'BVN GGRX3I014S7A48RC9VSP9B U9P F65SYF9632WBQFIV5U7M8HS1P3038LITV5Y EG6X4UP7F9JH7RULLR0FYNBB0PDRTNTR9MF3S1AFSRWDPR7BXTS61G45 7ICT', 
    '1715-4-8'
    );

insert into EVENTS (id_event, id_polis, EventType, DateOfEvent) 
values (
    3, 
    4, 
    'V8U3NYHFEHBLQC36P6E0EXY9FKQIS6R27UU2N0TTJDYW7FEDRYRNRIXRKXCQQSSTWEE5WYVWE3R28G S8G7IXRKUM1G90X35U ONID TMGYBY5BB4QQEFJUBXY9SOFMF', 
    '349-4-29'
    );

insert into EVENTS (id_event, id_polis, EventType, DateOfEvent) 
values (
    38, 
    7, 
    'RJHVCIA2IQFN04XQ4P1V1XBI3R DYKTLLEJCGPH8RKOA1W1Q9IQNM5KL9V3LFEHANBH0XT2CFGQOB89GOK34KH7UVUET40T07BIP33G96SYP93Y22E3MLCO9 LHL5CNF', 
    '1843-1-28'
    );

insert into EVENTS (id_event, id_polis, EventType, DateOfEvent) 
values (
    10, 
    7, 
    'R57TK5PBMT0484AGI UQE472U6S0JL2N1DVU4AM1G0SK0ETGS9XQAXD7QWVONT7LAJPEDFOUX52VOA9C KEUJS9EYPMQKVIWO27T4O3FNWXLKVJ6W78QCTGKG3F9YRWC', 
    '1769-4-4'
    );

insert into EVENTS (id_event, id_polis, EventType, DateOfEvent) 
values (
    21, 
    
    5, '  OIDG420AR01UMN8VB 7E77TYFH4KO6YKHNPJ5B 0B1S5LL4Y8CS LPQNB1M8YNUUNTE TU403CQ1  GJCMQ6QYTWP2G Y3QH2TII0YLC956TCJK 4 UBISBM4WWQ6N
    ', '1936-7-4'
    );

insert into EVENTS (id_event, id_polis, EventType, DateOfEvent) 
values (
    19, 
    6, 
    'YVY1KTUG0V3FRL0QKC5PBXDKCGEGGY1AQD7OIMH3 Q7II5 EG8AI9FDV10WHXPGE0X12KK9SUYG4L156VH9NU7VWUS05TBWVD9S2DS8HCRMKU 583VA6R10OHP2F1K2K', 
    '554-3-7'
    );

insert into EVENTS (id_event, id_polis, EventType, DateOfEvent) 
values (
    29, 
    3, 
    'PMRI7OPV94H07XX7M20S9DF4IFYBUAKUJNWCQK0R8K3FGIDCC84158PWMU50VATRKDXB8PK0KMBP7MR0RE6T4O7KWHJGYJ3O0 RO3HA8WXRMML6Q2SISO TK4NQUV57T', 
    '716-9-15'
    );

insert into EVENTS (id_event, id_polis, EventType, DateOfEvent) 
values (
    34, 
    5, 
    '268D1S 4ATU0C89BTCFKPNJF7PXQ276 JS28VUHTD9MLLQY3SFKQ4ST2LPQSKHK8K8XGJ5QWVKGQV5FYVHTFQEUVS0GW3IA5C81KDCOR1B8MJ3V928F9SG7F63X83OTJ', 
    '1062-5-17'
    );

insert into EVENTS (id_event, id_polis, EventType, DateOfEvent) 
values (
    8, 
    1, 
    'EOXXE7WN IIF80GCCNJ S5YNVX77RH 5IXTQKY43UA6DN69FC626NDY7OHDFJF8TOBP4O 03PO0 71C2P07HQLEFHTXAM2VWL1E6KRGY9XGSVQQNY8AEBMQC3SJSBT0Y', 
    '809-10-25'
    );

insert into EVENTS (id_event, id_polis, EventType, DateOfEvent) 
values (
    5, 
    5, 
    'JE698ENE73PLH3R3RAQNT5YSC49VQ8JJGL3N0VND8 SBIECBASMU5MFKTU7Y5QNXMS4P8FQDUROJ32Q7D56JQ9KJIS9FLFN7O80UDT5PV8W770BELEXU  P8Q1IU3WRE', 
    '1650-12-19'
    );

insert into EVENTS (id_event, id_polis, EventType, DateOfEvent) 
values (
    4, 
    6, 
    'T5QHJCJ 99EI5F1GE250RI45LE8DO9ICDQD9 L3MGYJI 56UVHTKMX9A9T3X7V81N1QDARQEB2KP7L VEWC3 NL14K913GJSEMTOSEOK9OS5M2Q8GXDDHFU0TO4EG7JD', 
    '98-1-13'
    );

insert into EVENTS (id_event, id_polis, EventType, DateOfEvent) 
values (
    17, 
    6, 
    '2BCFR5RFEDI0DLKFA1CXICT6 EVAABBL 820 JDEUNYN4 7RJSWXIWVQAWGSGE1VMY7YJH C7HY4V8IXUVP5 I V RPYU18OWRKCW9O2OUJ6ORBW9QHW0KAIUAXGDQRO', 
    '881-9-20'
    );

insert into EVENTS (id_event, id_polis, EventType, DateOfEvent) 
values (
    24, 
    6, 
    'J16E017GELH0025HD57BY8W882BPU0O33J9WBPOYT91UUL33LX530W36NV9IAB1RTN2GJAC8LAKMWHTUUITP2IXTM30I6JDQXHKVLCW8G1IN9M15GMIYCM2EQGSGX908', 
    '310-12-9'
    );

insert into EVENTS (id_event, id_polis, EventType, DateOfEvent) 
values (
    32, 
    7, 
    'B098YDLT0MK ED6B91PMV872JB 7QSIIO72JUNKD8I37A84JRTLO93H9RW2TQAMEFMEO97AGGK59WR7DIKAKMVHII0DM5B3MO0NAB96D5YNGF7B06RRS15LQ T0 PGLH', 
    '476-5-25'
    );

insert into EVENTS (id_event, id_polis, EventType, DateOfEvent) 
values (
    36, 
    7, 
    'UB98WLHT5K9O94YIFLYNQ55NP2EIW0094WBGEB7DAA4UFIQQK5O0D6S4NJQUV2YUEHGSKQ7HWYLI8ROTOG41KP24PEELWH69FK1VSRVS42U BJ3OSVINDVXJ42C6RY98', 
    '264-11-5'
    );

insert into EVENTS (id_event, id_polis, EventType, DateOfEvent) 
values (
    11, 
    1, 
    '88GVSN39F00T2N70GJ5HWIVE7QKNXYULK82F2PM8 DKSAOHLQO0AOF8TJFH6765L85HC5JH2GLGVLFR7J9G9EA6OQI67YE AACJUYVJN DV7O5SK59QC59I1HJGF45MO', 
    '374-4-17'
    );

insert into EVENTS (id_event, id_polis, EventType, DateOfEvent) 
values (
    39, 
    6, 
    'VU4DINYD40OL93J 6R87YBUB8AHRQ7R9XE90K2AVHO71SPAHWQROP0YSGQ7Y 1U7A4X06GFDTWP9IDAQRGV1BQUX19J31PQL478KXJQTFK3RO14J0754TM3X4K3FE526', 
    '1677-6-8'
    );

insert into EVENTS (id_event, id_polis, EventType, DateOfEvent) 
values (
    12, 
    0, 
    'BVK V U X0QLQQG99I2NEMOJJ528ME8LUN29488ROJJPEHPCF2VPX O8HLQKFAQDC6TN8 WEHFHGIJ8NAMD N3BEQO38Y274266URVRTS7BI NXBILCWL5D BTGFB5WJ', 
    '1900-11-27'
    );

insert into EVENTS (id_event, id_polis, EventType, DateOfEvent) 
values (
    25, 
    9, 
    'C 60O8Y3E6TFGAFWRFL6ESM2PT59EHCM 7WNGDVBM0XAOXYFRHE Y77LX44 7ISJ63BEKB340471BS UEKFNQDTC9Q8FE9LC3VON5AP3BXUQBFSGXR7N7WLOTDJUAKAJ', 
    '669-2-27'
    );

insert into EVENTS (id_event, id_polis, EventType, DateOfEvent) 
values (
    35, 
    4, 
    '83S0B9RUCBI13XQXH3FQN7UEXETOII8PWP6SMC7H5FPL2S9HDTPU9RQ4KA7LO3I6 GOBI5B EPSL1HKOCYR3KW30IDCJE30VNA2E69G1N5HTFVGRXHSAHS7FD0T83899', 
    '1474-8-15'
    );

